mean_fit_time,std_fit_time,mean_score_time,std_score_time,param_classifier__learning_rate,param_classifier__max_depth,param_classifier__n_estimators,params,split0_test_score,split1_test_score,split2_test_score,mean_test_score,std_test_score,rank_test_score,split0_train_score,split1_train_score,split2_train_score,mean_train_score,std_train_score
2.1387058893839517,0.03763948861538237,0.011946996053059896,0.0025085732050178435,0.1,3,150,"{'classifier__learning_rate': 0.1, 'classifier__max_depth': 3, 'classifier__n_estimators': 150}",0.9722524863332839,0.9748715680604225,0.9890038166637442,0.9787092903524836,0.007357438469706969,1,1.0,1.0,1.0,1.0,0.0
1.7053309281667073,0.13265082498759692,0.011146783828735352,0.0011222472854530018,0.1,3,100,"{'classifier__learning_rate': 0.1, 'classifier__max_depth': 3, 'classifier__n_estimators': 100}",0.9726503409458229,0.9729433185595445,0.9865575011208595,0.9773837202087422,0.006487945290469068,2,0.9990820410475484,1.0,1.0,0.9996940136825162,0.00043273000008629055
3.2830306688944497,0.3559776333921403,0.017159144083658855,0.001338185897409843,0.05,3,150,"{'classifier__learning_rate': 0.05, 'classifier__max_depth': 3, 'classifier__n_estimators': 150}",0.9677720038435353,0.9711933749085452,0.9830096189419164,0.9739916658979989,0.006527840521839075,3,0.9963502462596413,0.9936510135890941,0.9927876343716019,0.9942629647401123,0.0015174351220891152
1.8955923716227214,0.08644379314440061,0.014217376708984375,0.0016317541152912048,0.1,2,150,"{'classifier__learning_rate': 0.1, 'classifier__max_depth': 2, 'classifier__n_estimators': 150}",0.9640715492212419,0.9641084395843645,0.9777916335254432,0.9686572074436831,0.006459032182769351,4,0.9936510135890941,0.9859965647183513,0.9936767287932086,0.9911081023668847,0.003614418179754637
2.3710238138834634,0.3531447347089234,0.02781534194946289,0.01050179104636107,0.05,3,100,"{'classifier__learning_rate': 0.05, 'classifier__max_depth': 3, 'classifier__n_estimators': 100}",0.9648247641802086,0.9575642410060653,0.9759112007843894,0.9661000686568878,0.007544204592844288,5,0.9892227481649173,0.9859965647183513,0.9875252946077847,0.9875815358303511,0.0013176841336377343
0.9026509920756022,0.006890381606651295,0.01404245694478353,0.0008914082297845754,0.1,3,50,"{'classifier__learning_rate': 0.1, 'classifier__max_depth': 3, 'classifier__n_estimators': 50}",0.9632549717161035,0.9595029958599527,0.9741995785478079,0.9656525153746213,0.006234770638449923,6,0.9874755136440253,0.9859965647183513,0.9892658144870534,0.9875792976164767,0.001336681674207457
1.3172179063161213,0.02195123467627068,0.01629956563313802,0.0012979047058056861,0.1,2,100,"{'classifier__learning_rate': 0.1, 'classifier__max_depth': 2, 'classifier__n_estimators': 100}",0.9601481848557422,0.9570813853831548,0.9681371389210266,0.9617889030533079,0.004660213780890932,7,0.9818401764100436,0.9825551451372315,0.9765820785936721,0.9803258000469824,0.002663254000928961
2.2923718293507895,0.37281651640508434,0.020093441009521484,0.004503039283480817,0.05,2,150,"{'classifier__learning_rate': 0.05, 'classifier__max_depth': 2, 'classifier__n_estimators': 150}",0.9528344149642095,0.9530176285102957,0.9632266925138783,0.9563595786627945,0.004856358806326496,8,0.9736140877501525,0.9774899898104149,0.9659806147400097,0.9723615641001923,0.00478142518837902
0.681872288386027,0.0050285886028847435,0.012988567352294922,0.0004623049165259224,0.1,2,50,"{'classifier__learning_rate': 0.1, 'classifier__max_depth': 2, 'classifier__n_estimators': 50}",0.9513384994716448,0.9401153344924417,0.9494526628456708,0.9469688322699191,0.004906928352468054,9,0.968887042436886,0.9603345012614456,0.946540475818484,0.9585873398389385,0.009206218539114087
1.3599365552266438,0.01871034703970423,0.015584071477254232,0.0010148519448935074,0.05,2,100,"{'classifier__learning_rate': 0.05, 'classifier__max_depth': 2, 'classifier__n_estimators': 100}",0.9513384994716448,0.9401153344924417,0.9494526628456708,0.9469688322699191,0.004906928352468054,9,0.968887042436886,0.9595564717644537,0.9458057306160099,0.9580830816057831,0.00948032691992135
1.2456610997517903,0.30409423080875775,0.017166932423909504,0.0034212098364558834,0.05,3,50,"{'classifier__learning_rate': 0.05, 'classifier__max_depth': 3, 'classifier__n_estimators': 50}",0.9510799269747573,0.9385756712302813,0.9509669976837328,0.9468741986295904,0.005868126106575345,11,0.9654497461279314,0.9640854904497859,0.9522252314226572,0.9605868226667916,0.005938712233547229
0.7271061738332113,0.0022645155565915276,0.018968661626180012,0.003958118444083554,0.05,2,50,"{'classifier__learning_rate': 0.05, 'classifier__max_depth': 2, 'classifier__n_estimators': 50}",0.8836916679231656,0.9002120821605543,0.9111024671567453,0.8983354057468217,0.011268818761736547,12,0.8998992957012938,0.8999928841913768,0.9144871449593658,0.9047931082840122,0.006854825550841072
